timestamp	commit	experiment	backend	operation	iterations	ops_per_sec	correctness	status	description
2026-06-19T21:17:21Z	e53e7ec	baseline	cpu	multiply_g	64	69669.342768	true	keep	CPU multiply_g baseline with correctness gates
2026-06-19T21:22:09Z	8bf2459	baseline	cpu	multiply_g	64	68882.012646	true	discard	CPU multiply_g baseline with correctness gates
2026-06-19T21:23:09Z	0ddf57b	baseline	cpu	multiply_g	64	68175.765646	true	discard	CPU multiply_g baseline with correctness gates
2026-06-19T21:33:40Z	c167ffc	metal_field_add	metal	field_add_mod_p	0	0.000000	false	skip	Metal secp256k1 field_add_mod_p correctness and throughput gate
2026-06-19T21:35:52Z	c167ffc	baseline	cpu	multiply_g	64	85790.884718	true	keep	CPU multiply_g baseline with correctness gates
2026-06-19T21:36:03Z	c167ffc	metal_field_add	metal	field_add_mod_p	0	0.000000	false	skip	Metal secp256k1 field_add_mod_p correctness and throughput gate
2026-06-19T21:44:58Z	93e7017	cpu_field_mul	macos_cpu	field_mul_mod_p	4096	117589642.006144	true	keep	Apple Silicon CPU secp256k1 field_mul_mod_p benchmark against EcInt reference
2026-06-19T21:47:07Z	93e7017	cpu_field_mul	macos_cpu	field_mul_mod_p	4096	120321955.231773	true	keep	Apple Silicon CPU secp256k1 field_mul_mod_p benchmark against EcInt reference
2026-06-19T21:47:22Z	93e7017	metal_field_add	metal	field_add_mod_p	0	0.000000	false	skip	Metal secp256k1 field_add_mod_p correctness and throughput gate
2026-06-19T21:57:58Z	1b068d6	metal_field_mul	metal	field_mul_mod_p	0	0.000000	false	skip	Metal secp256k1 field_mul_mod_p correctness and throughput gate
2026-06-19T22:08:30Z	6342ba7	cpu_field_mul	macos_cpu	field_mul_mod_p	6037504	120721510.047432	true	discard	Apple Silicon CPU secp256k1 field_mul_mod_p benchmark against EcInt reference
2026-06-19T22:13:57Z	26722c5	point_add_g	macos_cpu	point_add_g	25088	497584.440554	true	keep	Apple Silicon CPU affine point-add walk benchmark against MultiplyG final-point oracle
2026-06-19T22:21:08Z	b18eb86	jacobian_point_add_g	macos_cpu	jacobian_point_add_g	180736	3614226.079864	true	keep	Apple Silicon CPU Jacobian mixed point-add walk benchmark with affine reference speedup
2026-06-19T22:29:16Z	074375a	jacobian_jump_walk	macos_cpu	jacobian_jump_walk	163584	3268359.869310	true	keep	Apple Silicon CPU deterministic Jacobian jump-table walk benchmark with scalar-distance oracle
2026-06-19T23:06:25Z	b3e82a9	jacobian_kangaroo_multi_small	macos_cpu	jacobian_kangaroo_multi_small	100	1982.945047	true	keep	Apple Silicon CPU shared-tame tiny multi-target kangaroo benchmark
2026-06-19T23:15:01Z	c08210b	jacobian_kangaroo_multi_small	macos_cpu	jacobian_kangaroo_multi_small	122	2426.418125	true	keep	Apple Silicon CPU shared-tame tiny multi-target kangaroo benchmark
2026-06-19T23:34:21Z	b544b00	jacobian_kangaroo_small	macos_cpu	jacobian_kangaroo_small	79	1572.903594	true	keep	Apple Silicon CPU single-target tiny kangaroo benchmark
2026-06-19T23:46:38Z	00a5a7a	jacobian_kangaroo_multi_small	macos_cpu	jacobian_kangaroo_multi_small	151	3011.249790	true	keep	Apple Silicon CPU shared-tame tiny multi-target kangaroo benchmark
2026-06-19T23:58:19Z	dbc3227	jacobian_kangaroo_multi_small	macos_cpu	jacobian_kangaroo_multi_small	322	6439.994590	true	keep	Apple Silicon CPU shared-tame tiny multi-target kangaroo benchmark
2026-06-20T00:06:31Z	f46a7c7	jacobian_kangaroo_small	macos_cpu	jacobian_kangaroo_small	265	5298.370751	true	keep	Apple Silicon CPU single-target tiny kangaroo benchmark
2026-06-20T00:13:53Z	81af0eb	jacobian_kangaroo_small	macos_cpu	jacobian_kangaroo_small	272	5424.332791	true	keep	Apple Silicon CPU single-target tiny kangaroo benchmark
2026-06-20T00:14:10Z	81af0eb	jacobian_kangaroo_multi_small	macos_cpu	jacobian_kangaroo_multi_small	243	4844.256167	true	discard	Apple Silicon CPU shared-tame tiny multi-target kangaroo benchmark
2026-06-20T00:22:33Z	d21ae9a	jacobian_kangaroo_small	macos_cpu	jacobian_kangaroo_small	419	8364.581233	true	keep	Apple Silicon CPU single-target tiny kangaroo benchmark
2026-06-20T00:22:45Z	d21ae9a	jacobian_kangaroo_multi_small	macos_cpu	jacobian_kangaroo_multi_small	450	8988.509629	true	keep	Apple Silicon CPU shared-tame tiny multi-target kangaroo benchmark
2026-06-20T00:31:09Z	1144bf2	jacobian_kangaroo_small	macos_cpu	jacobian_kangaroo_small	644	12873.102077	true	keep	Apple Silicon CPU single-target tiny kangaroo benchmark
2026-06-20T00:31:19Z	1144bf2	jacobian_kangaroo_multi_small	macos_cpu	jacobian_kangaroo_multi_small	627	12532.824958	true	keep	Apple Silicon CPU shared-tame tiny multi-target kangaroo benchmark
2026-06-20T00:37:41Z	581fddb	jacobian_kangaroo_small	macos_cpu	jacobian_kangaroo_small	651	13002.100528	true	discard	Apple Silicon CPU single-target tiny kangaroo benchmark
2026-06-20T00:37:52Z	581fddb	jacobian_kangaroo_multi_small	macos_cpu	jacobian_kangaroo_multi_small	667	13326.418248	true	keep	Apple Silicon CPU shared-tame tiny multi-target kangaroo benchmark
2026-06-20T00:59:41Z	f6f8709	jacobian_kangaroo_multi16_small	macos_cpu	jacobian_kangaroo_multi_small	151	3013.859262	true	keep	Apple Silicon CPU shared-tame tiny 16-target kangaroo benchmark
2026-06-20T01:01:03Z	5155176	jacobian_kangaroo_multi16_small	macos_cpu	jacobian_kangaroo_multi_small	307	6137.187082	true	keep	Apple Silicon CPU shared-tame tiny 16-target kangaroo benchmark
2026-06-20T01:06:41Z	e3328d0	jacobian_kangaroo_multi_small	macos_cpu	jacobian_kangaroo_multi_small	678	13558.519952	true	keep	Apple Silicon CPU shared-tame tiny multi-target kangaroo benchmark
2026-06-20T01:06:51Z	e3328d0	jacobian_kangaroo_multi16_small	macos_cpu	jacobian_kangaroo_multi_small	302	6038.259049	true	discard	Apple Silicon CPU shared-tame tiny 16-target kangaroo benchmark
2026-06-20T01:07:02Z	e3328d0	jacobian_kangaroo_small	macos_cpu	jacobian_kangaroo_small	669	13379.364480	true	keep	Apple Silicon CPU single-target tiny kangaroo benchmark
2026-06-20T01:24:18Z	5e098c3	jacobian_kangaroo_multi_small	macos_cpu	jacobian_kangaroo_multi_small	613	12248.445551	true	discard	Apple Silicon CPU shared-tame tiny multi-target kangaroo benchmark
2026-06-20T01:24:35Z	5e098c3	jacobian_kangaroo_multi16_small	macos_cpu	jacobian_kangaroo_multi_small	247	4931.772226	true	discard	Apple Silicon CPU shared-tame tiny 16-target kangaroo benchmark
2026-06-20T01:47:52Z	57a12e8	jacobian_batch_affine	macos_cpu	jacobian_batch_affine	12032	237491.653892	true	keep	Apple Silicon CPU Jacobian batch-to-affine conversion benchmark
2026-06-20T12:22:40Z	2488297	jacobian_kangaroo_multi_small	macos_cpu	jacobian_kangaroo_multi_small	1253	25052.964126	true	keep	Apple Silicon CPU shared-tame tiny multi-target kangaroo benchmark
2026-06-20T12:23:07Z	2488297	jacobian_kangaroo_multi16_small	macos_cpu	jacobian_kangaroo_multi_small	562	11234.326665	true	keep	Apple Silicon CPU shared-tame tiny 16-target kangaroo benchmark
2026-06-20T12:41:08Z	581cc34	jacobian_kangaroo_multi_small	macos_cpu	jacobian_kangaroo_multi_small	1282	25632.374369	true	keep	Apple Silicon CPU shared-tame tiny multi-target kangaroo benchmark
2026-06-20T12:41:25Z	581cc34	jacobian_kangaroo_multi16_small	macos_cpu	jacobian_kangaroo_multi_small	581	11614.870176	true	keep	Apple Silicon CPU shared-tame tiny 16-target kangaroo benchmark
2026-06-20T13:12:39Z	937a58a	jacobian_batch_affine	macos_cpu	jacobian_batch_affine	27904	552688.523454	true	keep	Apple Silicon CPU Jacobian batch-to-affine conversion benchmark
2026-06-20T13:13:02Z	937a58a	jacobian_jump_walk	macos_cpu	jacobian_jump_walk	217088	4340776.119685	true	keep	Apple Silicon CPU deterministic Jacobian jump-table walk benchmark with scalar-distance oracle
2026-06-20T13:13:19Z	937a58a	jacobian_kangaroo_multi_small	macos_cpu	jacobian_kangaroo_multi_small	1304	26061.517693	true	keep	Apple Silicon CPU shared-tame tiny multi-target kangaroo benchmark
2026-06-20T13:13:36Z	937a58a	jacobian_kangaroo_multi16_small	macos_cpu	jacobian_kangaroo_multi_small	598	11958.694589	true	keep	Apple Silicon CPU shared-tame tiny 16-target kangaroo benchmark
2026-06-20T13:42:54Z	f4f7e27	jacobian_kangaroo_multi_small	macos_cpu	jacobian_kangaroo_multi_small	1333	26640.995912	true	keep	Apple Silicon CPU shared-tame tiny multi-target kangaroo benchmark
2026-06-20T13:43:12Z	f4f7e27	jacobian_kangaroo_multi16_small	macos_cpu	jacobian_kangaroo_multi_small	638	12748.016864	true	keep	Apple Silicon CPU shared-tame tiny 16-target kangaroo benchmark
2026-06-20T13:43:27Z	f4f7e27	jacobian_kangaroo_small	macos_cpu	jacobian_kangaroo_small	1290	25796.474654	true	keep	Apple Silicon CPU single-target tiny kangaroo benchmark
2026-06-20T15:23:05Z	e5bfc9b	jacobian_kangaroo_multi16_small	macos_cpu	jacobian_kangaroo_multi_small	680	13593.452578	true	keep	Apple Silicon CPU shared-tame tiny 16-target kangaroo benchmark
2026-06-20T15:42:15Z	9f3ddb7	jacobian_kangaroo_multi16_small	macos_cpu	jacobian_kangaroo_multi_small	694	13878.519717	true	keep	Apple Silicon CPU shared-tame tiny 16-target kangaroo benchmark
2026-06-20T16:10:10Z	55dcf5c	cpu_field_mul	macos_cpu	field_mul_mod_p	4980736	99603598.262218	true	keep	Apple Silicon CPU secp256k1 field_mul_mod_p benchmark against EcInt reference
2026-06-20T16:22:16Z	cdec95b	jacobian_kangaroo_multi16_small	macos_cpu	jacobian_kangaroo_multi_small	744	14877.433643	true	keep	Apple Silicon CPU shared-tame tiny 16-target kangaroo benchmark
2026-06-20T17:27:42Z	3740fd8	jacobian_kangaroo_multi16_small	macos_cpu	jacobian_kangaroo_multi_small	610	12191.465974	true	keep	Apple Silicon CPU shared-tame tiny 16-target kangaroo benchmark
2026-06-20T19:10:16Z	79327a1	jacobian_kangaroo_multi16_small	macos_cpu	jacobian_kangaroo_multi_small	624	12475.207524	true	keep	Apple Silicon CPU shared-tame tiny 16-target kangaroo benchmark
2026-06-20T19:18:48Z	567a75d	jacobian_kangaroo_multi16_small	macos_cpu	jacobian_kangaroo_multi_small	778	15544.196837	true	keep	Apple Silicon CPU shared-tame tiny 16-target kangaroo benchmark
2026-06-20T19:51:12Z	1fc4376	jacobian_kangaroo_multi16_small	macos_cpu	jacobian_kangaroo_multi_small	777	15523.054103	true	keep	Apple Silicon CPU shared-tame tiny 16-target kangaroo benchmark
2026-06-20T21:23:38Z	bbde2c8	metal_field_square	metal	field_square_mod_p	6291456	120182161.633272	true	keep	Metal secp256k1 field_square_mod_p correctness and throughput gate
2026-06-20T21:24:28Z	bbde2c8	metal_field_mul	metal	field_mul_mod_p	6291456	110169933.604968	true	keep	Metal secp256k1 field_mul_mod_p correctness and throughput gate
2026-06-20T21:24:47Z	bbde2c8	metal_field_square_mul	metal	field_square_mul_mod_p	7340032	116411049.047869	true	keep	Metal fused secp256k1 field_square_mul_mod_p correctness and throughput gate
2026-06-20T21:29:05Z	eade21c	metal_field_mul	metal	field_mul_mod_p	6291456	107181958.674000	true	keep	Metal secp256k1 field_mul_mod_p correctness and throughput gate
2026-06-20T22:13:58Z	07615a1	metal_jacobian_add	metal	jacobian_add_affine	983040	18987732.357266	true	keep	Metal secp256k1 Jacobian plus affine add correctness and throughput gate
2026-06-20T22:45:27Z	74d6dad	metal_jacobian_walk	metal	jacobian_affine_walk_fixed	2228224	43635268.698477	true	keep	Metal fixed-step Jacobian plus affine walk correctness and throughput gate
2026-06-20T23:05:15Z	2c2c9b5	metal_jacobian_jump_walk	metal	jacobian_affine_walk_jump_table	1572864	29322230.463689	true	keep	Metal Jacobian jump-table walk correctness and throughput gate
2026-06-20T23:10:10Z	c41c6d7	metal_jacobian_jump_walk	metal	jacobian_affine_walk_jump_table	1966080	38210997.361683	true	keep	Metal Jacobian jump-table walk correctness and throughput gate
2026-06-20T23:22:37Z	1d8455d	metal_jacobian_jump_walk_distance	metal	jacobian_affine_walk_jump_table	1572864	30127453.595735	true	keep	Metal Jacobian jump-table walk with scalar-distance accumulation gate
2026-06-20T23:32:41Z	31c38cf	metal_jacobian_jump_walk_dp	metal	jacobian_affine_walk_jump_table	1835008	35573689.248061	true	keep	Metal Jacobian jump-table walk with projective distinguished-point candidate flags
2026-06-20T23:42:41Z	99ea964	metal_jacobian_jump_walk_dp	metal	jacobian_affine_walk_jump_table	1835008	36056697.229186	true	keep	Metal Jacobian jump-table walk with projective distinguished-point candidate flags
2026-06-21T00:00:03Z	2ba6704	metal_jacobian_jump_walk_dp	metal	jacobian_affine_walk_jump_table	1835008	36123063.713799	true	keep	Metal Jacobian jump-table walk with projective distinguished-point candidate flags
2026-06-21T00:05:01Z	048c827	metal_jacobian_jump_walk_dp	metal	jacobian_affine_walk_jump_table	1703936	32951131.617042	true	keep	Metal Jacobian jump-table walk with projective distinguished-point candidate flags
2026-06-21T00:10:01Z	dc2d1dd	metal_jacobian_jump_walk_dp	metal	jacobian_affine_walk_jump_table	1441792	26896574.393133	true	keep	Metal Jacobian jump-table walk with projective distinguished-point candidate flags
2026-06-21T00:22:06Z	7acdc28	metal_jacobian_jump_walk_dp	metal	jacobian_affine_walk_jump_table	1966080	38243083.846592	true	keep	Metal Jacobian jump-table walk with projective distinguished-point candidate flags
2026-06-21T00:32:11Z	ed85c67	metal_jacobian_jump_walk_dp_steps4	metal	jacobian_affine_walk_jump_table	1114112	21861586.351139	true	keep	Metal Jacobian jump-table walk with projective DP flags at steps=4
2026-06-21T00:38:28Z	ba91503	metal_jacobian_jump_walk_dp	metal	jacobian_affine_walk_jump_table	1966080	36426708.294932	true	keep	Metal Jacobian jump-table walk with projective distinguished-point candidate flags
2026-06-21T00:45:04Z	68b8e3b	metal_jacobian_jump_walk_dp	metal	jacobian_affine_walk_jump_table	1966080	38249530.679262	true	keep	Metal Jacobian jump-table walk with projective distinguished-point candidate flags
2026-06-21T00:48:52Z	cbfff2e	metal_jacobian_jump_walk_dp	metal	jacobian_affine_walk_jump_table	1310720	25302152.157760	true	keep	Metal Jacobian jump-table walk with projective distinguished-point candidate flags
2026-06-21T00:56:08Z	c876663	metal_jacobian_jump_walk_dp	metal	jacobian_affine_walk_jump_table	2097152	40420143.199132	true	keep	Metal Jacobian jump-table walk with projective distinguished-point candidate flags
2026-06-21T01:01:36Z	b7122fb	metal_jacobian_jump_walk_dp	metal	jacobian_affine_walk_jump_table	2228224	43384425.365437	true	keep	Metal Jacobian jump-table walk with projective distinguished-point candidate flags
2026-06-21T01:06:01Z	505a654	metal_jacobian_jump_walk_dp	metal	jacobian_affine_walk_jump_table	1703936	32889067.186241	true	keep	Metal Jacobian jump-table walk with projective distinguished-point candidate flags
2026-06-21T01:16:06Z	7feecd6	metal_jacobian_jump_walk_dp	metal	jacobian_affine_walk_jump_table	1966080	37830025.643327	true	keep	Metal Jacobian jump-table walk with projective distinguished-point candidate flags
2026-06-21T01:22:38Z	e7b28c1	metal_jacobian_jump_walk_dp	metal	jacobian_affine_walk_jump_table	1703936	33349832.725909	true	keep	Metal Jacobian jump-table walk with projective distinguished-point candidate flags
2026-06-21T01:29:32Z	f266242	metal_jacobian_jump_walk_dp	metal	jacobian_affine_walk_jump_table	1966080	38176865.912089	true	keep	Metal Jacobian jump-table walk with projective distinguished-point candidate flags
2026-06-21T01:51:47Z	4d1cc10	metal_jacobian_jump_walk_dp	metal	jacobian_affine_walk_jump_table	1966080	37756893.905525	true	keep	Metal Jacobian jump-table walk with projective distinguished-point candidate flags
2026-06-21T02:22:56Z	56302e5	metal_jacobian_jump_walk_dp	metal	jacobian_affine_walk_jump_table	1572864	30216489.417128	true	discard	Metal Jacobian jump-table walk with projective distinguished-point candidate flags
2026-06-21T02:29:16Z	5a8b985	metal_jacobian_jump_walk_dp	metal	jacobian_affine_walk_jump_table	1441792	26399879.312075	true	discard	Metal Jacobian jump-table walk with projective distinguished-point candidate flags
2026-06-21T09:02:48Z	d735b6d	metal_jacobian_jump_walk_dp	metal	jacobian_affine_walk_jump_table	1048576	20388792.013228	true	discard	Metal Jacobian jump-table walk with projective distinguished-point candidate flags
2026-06-21T09:08:27Z	604dd55	metal_jacobian_jump_walk_dp	metal	jacobian_affine_walk_jump_table	2228224	42692418.310915	true	keep	Metal Jacobian jump-table walk with projective distinguished-point candidate flags
2026-06-21T09:09:27Z	604dd55	metal_jacobian_jump_walk_dp	metal	jacobian_affine_walk_jump_table	2359296	46781458.735324	true	keep	Metal Jacobian jump-table walk with projective distinguished-point candidate flags
2026-06-21T09:21:33Z	12261fd	metal_jacobian_jump_walk_dp	metal	jacobian_affine_walk_jump_table	2228224	43313091.164017	true	keep	Metal Jacobian jump-table walk with projective distinguished-point candidate flags
2026-06-21T09:22:28Z	12261fd	metal_jacobian_jump_walk_dp	metal	jacobian_affine_walk_jump_table	2228224	43163082.615191	true	discard	Metal Jacobian jump-table walk with projective distinguished-point candidate flags
2026-06-21T09:30:35Z	889a959	metal_jacobian_jump_walk_dp	metal	jacobian_affine_walk_jump_table	1966080	39023071.164210	true	discard	Metal Jacobian jump-table walk with projective distinguished-point candidate flags
2026-06-21T09:35:24Z	983c7c3	metal_jacobian_jump_walk_dp	metal	jacobian_affine_walk_jump_table	1441792	28385107.764488	true	discard	Metal Jacobian jump-table walk with projective distinguished-point candidate flags
2026-06-21T09:40:15Z	b6eec70	metal_jacobian_jump_walk_dp	metal	jacobian_affine_walk_jump_table	1572864	30186670.513289	true	discard	Metal Jacobian jump-table walk with projective distinguished-point candidate flags
2026-06-21T09:41:05Z	b6eec70	metal_field_square	metal	field_square_mod_p	11534336	180386765.233104	true	keep	Metal secp256k1 field_square_mod_p correctness and throughput gate
2026-06-21T09:41:43Z	b6eec70	metal_field_mul	metal	field_mul_mod_p	9437184	159267402.459731	true	keep	Metal secp256k1 field_mul_mod_p correctness and throughput gate
2026-06-21T09:43:00Z	b6eec70	metal_jacobian_jump_walk_dp	metal	jacobian_affine_walk_jump_table	1966080	38297493.616744	true	discard	Metal Jacobian jump-table walk with projective distinguished-point candidate flags
2026-06-21T09:47:49Z	108737d	metal_jacobian_jump_walk_dp	metal	jacobian_affine_walk_jump_table	1835008	35188997.363215	true	discard	Metal Jacobian jump-table walk with projective distinguished-point candidate flags
2026-06-21T09:52:04Z	7c1416e	metal_jacobian_jump_walk_dp	metal	jacobian_affine_walk_jump_table	2228224	42347381.165201	true	discard	Metal Jacobian jump-table walk with projective distinguished-point candidate flags
2026-06-21T10:01:54Z	a4939c6	metal_jacobian_jump_walk_dp	metal	jacobian_affine_walk_jump_table	1835008	35262056.952682	true	keep	Metal Jacobian jump-table walk with projective distinguished-point candidate flags
2026-06-21T10:02:59Z	a4939c6	metal_jacobian_jump_walk_dp	metal	jacobian_affine_walk_jump_table	2752512	54586707.150623	true	keep	Metal Jacobian jump-table walk with projective distinguished-point candidate flags
2026-06-21T10:11:39Z	2a0d783	metal_jacobian_jump_walk_dp	metal	jacobian_affine_walk_jump_table	2621440	51269848.158566	true	discard	Metal Jacobian jump-table walk with projective distinguished-point candidate flags
2026-06-21T10:16:35Z	2d1f373	metal_jacobian_jump_walk_dp	metal	jacobian_affine_walk_jump_table	2752512	53801243.066193	true	discard	Metal Jacobian jump-table walk with projective distinguished-point candidate flags
2026-06-21T10:23:20Z	3a79ce6	metal_jacobian_jump_walk_dp	metal	jacobian_affine_walk_jump_table	2490368	49171211.386386	true	keep	Metal Jacobian jump-table walk with projective distinguished-point candidate flags
2026-06-21T10:24:25Z	3a79ce6	metal_jacobian_jump_walk_dp	metal	jacobian_affine_walk_jump_table	2359296	46633123.492816	true	keep	Metal Jacobian jump-table walk with projective distinguished-point candidate flags
2026-06-21T10:32:03Z	f7cda6f	metal_jacobian_jump_walk_dp	metal	jacobian_affine_walk_jump_table	1441792	28602135.384033	true	discard	Metal Jacobian jump-table walk with projective distinguished-point candidate flags
2026-06-21T10:37:07Z	186669e	metal_jacobian_jump_walk_dp	metal	jacobian_affine_walk_jump_table	1572864	29906975.938509	true	discard	Metal Jacobian jump-table walk with projective distinguished-point candidate flags
2026-06-21T10:46:22Z	b8e1120	metal_jacobian_jump_walk_dp	metal	jacobian_affine_walk_jump_table	1835008	34425602.601131	true	keep	Metal Jacobian jump-table walk with projective distinguished-point candidate flags
2026-06-21T10:47:22Z	b8e1120	metal_jacobian_jump_walk_dp	metal	jacobian_affine_walk_jump_table	1572864	29895632.602187	true	keep	Metal Jacobian jump-table walk with projective distinguished-point candidate flags
2026-06-21T10:56:13Z	9c751f6	metal_jacobian_jump_walk_dp	metal	jacobian_affine_walk_jump_table	1441792	27998203.739620	true	discard	Metal Jacobian jump-table walk with projective distinguished-point candidate flags
2026-06-21T11:01:29Z	da3086d	metal_jacobian_jump_walk_dp	metal	jacobian_affine_walk_jump_table	1966080	38098881.915015	true	keep	Metal Jacobian jump-table walk with projective distinguished-point candidate flags
2026-06-21T11:02:28Z	da3086d	metal_jacobian_jump_walk_dp	metal	jacobian_affine_walk_jump_table	1572864	30444886.448562	true	discard	Metal Jacobian jump-table walk with projective distinguished-point candidate flags
2026-06-21T11:07:47Z	6fe1f43	metal_jacobian_jump_walk_dp	metal	jacobian_affine_walk_jump_table	1703936	31734147.843923	true	discard	Metal Jacobian jump-table walk with projective distinguished-point candidate flags
2026-06-21T11:12:08Z	21d2cb4	metal_jacobian_jump_walk_dp	metal	jacobian_affine_walk_jump_table	1966080	38940533.391902	true	keep	Metal Jacobian jump-table walk with projective distinguished-point candidate flags
2026-06-21T11:13:16Z	21d2cb4	metal_jacobian_jump_walk_dp	metal	jacobian_affine_walk_jump_table	1966080	38149612.617702	true	keep	Metal Jacobian jump-table walk with projective distinguished-point candidate flags
2026-06-21T11:30:24Z	8c25d98	metal_jacobian_jump_walk_dp	metal	jacobian_affine_walk_jump_table	0	0.000000	false	skip	Metal Jacobian jump-table walk with projective distinguished-point candidate flags
2026-06-21T11:31:43Z	8c25d98	metal_jacobian_jump_walk_dp	metal	jacobian_affine_walk_jump_table	0	0.000000	false	skip	Metal Jacobian jump-table walk with projective distinguished-point candidate flags
2026-06-21T11:52:39Z	8c25d98	metal_jacobian_jump_walk_dp	metal	jacobian_affine_walk_jump_table	2228224	43098694.269856	true	discard	Metal Jacobian jump-table walk with projective distinguished-point candidate flags
2026-06-21T12:02:07Z	04d9064	metal_jacobian_jump_walk_dp	metal	jacobian_affine_walk_jump_table	1835008	35979020.969423	true	discard	Metal Jacobian jump-table walk with projective distinguished-point candidate flags
2026-06-21T12:19:36Z	b93fb81	metal_jacobian_jump_walk_dp	metal	jacobian_affine_walk_jump_table	2228224	42681923.754455	true	keep	Metal Jacobian jump-table walk with projective distinguished-point candidate flags
2026-06-21T12:20:34Z	b93fb81	metal_jacobian_jump_walk_dp	metal	jacobian_affine_walk_jump_table	1048576	20418005.034635	true	keep	Metal Jacobian jump-table walk with projective distinguished-point candidate flags
2026-06-21T12:21:33Z	b93fb81	metal_jacobian_jump_walk_dp	metal	jacobian_affine_walk_jump_table	1048576	19989883.202345	true	discard	Metal Jacobian jump-table walk with projective distinguished-point candidate flags
2026-06-21T12:37:37Z	074d8a9	metal_jacobian_jump_walk_dp	metal	jacobian_affine_walk_jump_table	1441792	27479586.125938	true	discard	Metal Jacobian jump-table walk with projective distinguished-point candidate flags
2026-06-21T12:45:51Z	cbd1493	metal_jacobian_jump_walk_dp	metal	jacobian_affine_walk_jump_table	1572864	30497177.022142	true	discard	Metal Jacobian jump-table walk with projective distinguished-point candidate flags
2026-06-21T14:45:22Z	69a724c	metal_jacobian_jump_walk_dp	metal	jacobian_affine_walk_jump_table	2228224	41921077.695352	true	discard	Metal Jacobian jump-table walk with projective distinguished-point candidate flags
2026-06-21T14:46:08Z	69a724c	metal_jacobian_jump_walk_dp	metal	jacobian_affine_walk_jump_table	1572864	31295093.179597	true	discard	Metal Jacobian jump-table walk with projective distinguished-point candidate flags
2026-06-21T14:46:55Z	69a724c	metal_jacobian_jump_walk_dp	metal	jacobian_affine_walk_jump_table	2097152	40742624.570094	true	discard	Metal Jacobian jump-table walk with projective distinguished-point candidate flags
2026-06-21T15:18:35Z	4013057	metal_jacobian_jump_walk_dp	metal	jacobian_affine_walk_jump_table	1572864	30095459.840316	true	discard	Metal Jacobian jump-table walk with projective distinguished-point candidate flags
2026-06-21T15:26:15Z	33a9a83	metal_jacobian_jump_walk_dp	metal	jacobian_affine_walk_jump_table	2097152	40274694.606662	true	discard	Metal Jacobian jump-table walk with projective distinguished-point candidate flags
2026-06-21T18:07:34Z	90697f5	metal_jacobian_jump_walk_dp_stable	metal	jacobian_affine_walk_jump_table	8126464	40350062.636594	true	keep	Stable Metal Jacobian jump-table walk with projective distinguished-point candidate flags
2026-06-21T18:21:36Z	b6316fe	metal_field_mul	metal	field_mul_mod_p	5242880	84087327.209258	true	keep	Metal secp256k1 field_mul_mod_p correctness and throughput gate
2026-06-21T18:22:31Z	b6316fe	metal_field_square	metal	field_square_mod_p	8388608	164356831.613348	true	keep	Metal secp256k1 field_square_mod_p correctness and throughput gate
2026-06-21T18:23:27Z	b6316fe	metal_field_square_mul	metal	field_square_mul_mod_p	6291456	118354164.489191	true	keep	Metal fused secp256k1 field_square_mul_mod_p correctness and throughput gate
2026-06-21T18:24:18Z	b6316fe	metal_jacobian_jump_walk_dp_stable	metal	jacobian_affine_walk_jump_table	8388608	41678166.913630	true	keep	Stable Metal Jacobian jump-table walk with projective distinguished-point candidate flags
2026-06-21T18:25:21Z	b6316fe	metal_field_mul	metal	field_mul_mod_p	5242880	83547267.091683	true	discard	Metal secp256k1 field_mul_mod_p correctness and throughput gate
2026-06-21T18:26:00Z	b6316fe	metal_field_mul	metal	field_mul_mod_p	10485760	156513904.494988	true	discard	Metal secp256k1 field_mul_mod_p correctness and throughput gate
2026-06-21T18:26:32Z	b6316fe	metal_field_mul	metal	field_mul_mod_p	8388608	147258334.734626	true	discard	Metal secp256k1 field_mul_mod_p correctness and throughput gate
2026-06-21T18:29:06Z	43bf724	metal_field_square	metal	field_square_mod_p	9437184	164118043.318389	true	discard	Metal secp256k1 field_square_mod_p correctness and throughput gate
2026-06-21T18:29:36Z	43bf724	metal_field_square	metal	field_square_mod_p	9437184	168428657.478260	true	discard	Metal secp256k1 field_square_mod_p correctness and throughput gate
2026-06-21T18:30:06Z	43bf724	metal_field_square	metal	field_square_mod_p	11534336	187146596.465752	true	discard	Metal secp256k1 field_square_mod_p correctness and throughput gate
2026-06-21T18:44:51Z	85f9fdb	metal_jacobian_jump_walk_dp_stable	metal	jacobian_affine_walk_jump_table	8388608	41325489.856177	true	discard	Stable Metal Jacobian jump-table walk with projective distinguished-point candidate flags
2026-06-21T18:45:24Z	85f9fdb	metal_jacobian_jump_walk_dp_stable	metal	jacobian_affine_walk_jump_table	8519680	42149439.554412	true	discard	Stable Metal Jacobian jump-table walk with projective distinguished-point candidate flags
2026-06-21T18:46:01Z	85f9fdb	metal_jacobian_jump_walk_dp_stable	metal	jacobian_affine_walk_jump_table	8912896	44423592.132378	true	discard	Stable Metal Jacobian jump-table walk with projective distinguished-point candidate flags
2026-06-21T18:57:03Z	373d008	metal_jacobian_jump_walk_dp_stable	metal	jacobian_affine_walk_jump_table	6946816	34338563.786600	true	discard	Stable Metal Jacobian jump-table walk with projective distinguished-point candidate flags
2026-06-21T18:57:35Z	373d008	metal_jacobian_jump_walk_dp_stable	metal	jacobian_affine_walk_jump_table	7077888	35228007.654921	true	discard	Stable Metal Jacobian jump-table walk with projective distinguished-point candidate flags
2026-06-21T18:58:09Z	373d008	metal_jacobian_jump_walk_dp_stable	metal	jacobian_affine_walk_jump_table	8388608	41645380.889454	true	discard	Stable Metal Jacobian jump-table walk with projective distinguished-point candidate flags
2026-06-21T19:04:20Z	4fdac33	metal_jacobian_jump_walk_dp_stable	metal	jacobian_affine_walk_jump_table	9568256	47450397.857569	true	discard	Stable Metal Jacobian jump-table walk with projective distinguished-point candidate flags
2026-06-21T19:04:53Z	4fdac33	metal_jacobian_jump_walk_dp_stable	metal	jacobian_affine_walk_jump_table	8650752	42851456.174199	true	discard	Stable Metal Jacobian jump-table walk with projective distinguished-point candidate flags
2026-06-21T19:05:28Z	4fdac33	metal_jacobian_jump_walk_dp_stable	metal	jacobian_affine_walk_jump_table	8126464	40242347.507246	true	discard	Stable Metal Jacobian jump-table walk with projective distinguished-point candidate flags
2026-06-21T19:25:57Z	9247265	metal_field_mul4	metal	field_mul4_mod_p	13631488	246235567.596198	true	discard	Metal secp256k1 field_mul4_mod_p correctness and throughput gate
2026-06-21T19:26:30Z	9247265	metal_field_mul4	metal	field_mul4_mod_p	5242880	101896490.037442	true	discard	Metal secp256k1 field_mul4_mod_p correctness and throughput gate
2026-06-21T19:27:09Z	9247265	metal_field_mul4	metal	field_mul4_mod_p	8388608	154298318.553492	true	discard	Metal secp256k1 field_mul4_mod_p correctness and throughput gate
2026-06-21T19:34:49Z	f0301ef	metal_field_neg	metal	field_neg_mod_p	5242880	99750221.099342	true	discard	Metal secp256k1 field_neg_mod_p correctness and throughput gate
2026-06-21T19:35:28Z	f0301ef	metal_field_neg	metal	field_neg_mod_p	5242880	102360679.104753	true	discard	Metal secp256k1 field_neg_mod_p correctness and throughput gate
2026-06-21T19:36:21Z	f0301ef	metal_field_neg	metal	field_neg_mod_p	7340032	119971184.158642	true	discard	Metal secp256k1 field_neg_mod_p correctness and throughput gate
2026-06-21T19:48:48Z	c313c94	metal_jacobian_jump_walk_dp_stable	metal	jacobian_affine_walk_jump_table	7864320	38777159.758247	true	discard	Stable Metal Jacobian jump-table walk with projective distinguished-point candidate flags
2026-06-21T19:49:47Z	c313c94	metal_jacobian_jump_walk_dp_stable	metal	jacobian_affine_walk_jump_table	4063232	20215604.148314	true	discard	Stable Metal Jacobian jump-table walk with projective distinguished-point candidate flags
2026-06-21T19:50:45Z	c313c94	metal_jacobian_jump_walk_dp_stable	metal	jacobian_affine_walk_jump_table	8126464	40023158.916315	true	discard	Stable Metal Jacobian jump-table walk with projective distinguished-point candidate flags
2026-06-21T19:57:53Z	b7d977e	metal_jacobian_jump_walk_dp_stable	metal	jacobian_affine_walk_jump_table	4063232	20107017.361589	true	discard	Stable Metal Jacobian jump-table walk with projective distinguished-point candidate flags
2026-06-21T19:58:47Z	b7d977e	metal_jacobian_jump_walk_dp_stable	metal	jacobian_affine_walk_jump_table	4063232	20109534.532677	true	discard	Stable Metal Jacobian jump-table walk with projective distinguished-point candidate flags
2026-06-21T19:59:38Z	b7d977e	metal_jacobian_jump_walk_dp_stable	metal	jacobian_affine_walk_jump_table	8650752	42854092.024259	true	discard	Stable Metal Jacobian jump-table walk with projective distinguished-point candidate flags
2026-06-21T20:06:34Z	1a62d47	jacobian_kangaroo_multi16_small	macos_cpu	jacobian_kangaroo_multi_small	484	9664.150793	true	discard	Apple Silicon CPU shared-tame tiny 16-target kangaroo benchmark
2026-06-21T20:06:46Z	1a62d47	jacobian_kangaroo_multi16_small	macos_cpu	jacobian_kangaroo_multi_small	539	10768.083393	true	discard	Apple Silicon CPU shared-tame tiny 16-target kangaroo benchmark
2026-06-21T20:06:57Z	1a62d47	jacobian_kangaroo_multi16_small	macos_cpu	jacobian_kangaroo_multi_small	618	12354.481747	true	discard	Apple Silicon CPU shared-tame tiny 16-target kangaroo benchmark
2026-06-21T20:07:45Z	1a62d47	jacobian_kangaroo_multi_small	macos_cpu	jacobian_kangaroo_multi_small	968	19351.823854	true	discard	Apple Silicon CPU shared-tame tiny multi-target kangaroo benchmark
2026-06-21T20:07:58Z	1a62d47	jacobian_kangaroo_multi_small	macos_cpu	jacobian_kangaroo_multi_small	388	7734.437683	true	discard	Apple Silicon CPU shared-tame tiny multi-target kangaroo benchmark
2026-06-21T20:08:32Z	1a62d47	jacobian_kangaroo_multi_small	macos_cpu	jacobian_kangaroo_multi_small	1299	25968.898296	true	discard	Apple Silicon CPU shared-tame tiny multi-target kangaroo benchmark
2026-06-21T20:16:14Z	bd5506c	jacobian_batch_affine	macos_cpu	jacobian_batch_affine	28928	578151.917251	true	discard	Apple Silicon CPU Jacobian batch-to-affine conversion benchmark
2026-06-21T20:16:23Z	bd5506c	jacobian_batch_affine	macos_cpu	jacobian_batch_affine	26368	526343.273226	true	discard	Apple Silicon CPU Jacobian batch-to-affine conversion benchmark
2026-06-21T20:16:30Z	bd5506c	jacobian_batch_affine	macos_cpu	jacobian_batch_affine	23808	474542.597483	true	discard	Apple Silicon CPU Jacobian batch-to-affine conversion benchmark
2026-06-21T20:17:00Z	bd5506c	jacobian_kangaroo_multi16_small	macos_cpu	jacobian_kangaroo_multi_small	631	12610.069570	true	discard	Apple Silicon CPU shared-tame tiny 16-target kangaroo benchmark
2026-06-21T20:17:08Z	bd5506c	jacobian_kangaroo_multi16_small	macos_cpu	jacobian_kangaroo_multi_small	774	15469.712641	true	discard	Apple Silicon CPU shared-tame tiny 16-target kangaroo benchmark
2026-06-21T20:17:15Z	bd5506c	jacobian_kangaroo_multi16_small	macos_cpu	jacobian_kangaroo_multi_small	682	13628.018791	true	discard	Apple Silicon CPU shared-tame tiny 16-target kangaroo benchmark
2026-06-21T20:31:05Z	06562ce	metal_jacobian_jump_walk_dp_stable	metal	jacobian_affine_walk_jump_table	3801088	18838868.887764	true	discard	Stable Metal Jacobian jump-table walk with projective distinguished-point candidate flags
2026-06-21T20:32:21Z	06562ce	metal_jacobian_jump_walk_dp_stable	metal	jacobian_affine_walk_jump_table	3932160	19585916.675128	true	discard	Stable Metal Jacobian jump-table walk with projective distinguished-point candidate flags
2026-06-21T20:33:56Z	06562ce	metal_jacobian_jump_walk_dp_stable	metal	jacobian_affine_walk_jump_table	3801088	18908094.981902	true	discard	Stable Metal Jacobian jump-table walk with projective distinguished-point candidate flags
2026-06-21T20:42:35Z	35b2a71	metal_jacobian_jump_walk_dp_stable	metal	jacobian_affine_walk_jump_table	6422528	31843094.415179	true	discard	Stable Metal Jacobian jump-table walk with projective distinguished-point candidate flags
2026-06-21T20:43:28Z	35b2a71	metal_jacobian_jump_walk_dp_stable	metal	jacobian_affine_walk_jump_table	6684672	33215699.433029	true	discard	Stable Metal Jacobian jump-table walk with projective distinguished-point candidate flags
2026-06-21T20:44:21Z	35b2a71	metal_jacobian_jump_walk_dp_stable	metal	jacobian_affine_walk_jump_table	6160384	30586406.649428	true	discard	Stable Metal Jacobian jump-table walk with projective distinguished-point candidate flags
2026-06-21T20:51:46Z	0f35050	metal_jacobian_jump_walk_dp_stable	metal	jacobian_affine_walk_jump_table	11403264	56890167.192055	true	discard	Stable Metal Jacobian jump-table walk with projective distinguished-point candidate flags
2026-06-21T20:54:05Z	0f35050	metal_jacobian_jump_walk_dp_stable	metal	jacobian_affine_walk_jump_table	4063232	19914318.330146	true	discard	Stable Metal Jacobian jump-table walk with projective distinguished-point candidate flags
2026-06-21T20:55:02Z	0f35050	metal_jacobian_jump_walk_dp_stable	metal	jacobian_affine_walk_jump_table	4063232	19878189.612933	true	discard	Stable Metal Jacobian jump-table walk with projective distinguished-point candidate flags
2026-06-21T21:15:07Z	a963a4d	metal_jacobian_jump_walk_dp_stable	metal	jacobian_affine_walk_jump_table	4980736	24066394.957596	true	keep	Stable Metal Jacobian jump-table walk with projective distinguished-point candidate flags
2026-06-21T21:17:22Z	a963a4d	metal_jacobian_jump_walk_dp_stable	metal	jacobian_affine_walk_jump_table	7733248	38235800.665191	true	keep	Stable Metal Jacobian jump-table walk with projective distinguished-point candidate flags
2026-06-21T21:18:12Z	a963a4d	metal_jacobian_jump_walk_dp_stable	metal	jacobian_affine_walk_jump_table	12320768	61299274.249396	true	keep	Stable Metal Jacobian jump-table walk with projective distinguished-point candidate flags
2026-06-21T21:36:18Z	d04021e	metal_jacobian_jump_walk_dp_stable	metal	jacobian_affine_walk_jump_table	7471104	37128202.948728	true	discard	Stable Metal Jacobian jump-table walk with projective distinguished-point candidate flags
2026-06-21T21:38:42Z	d04021e	metal_jacobian_jump_walk_dp_stable	metal	jacobian_affine_walk_jump_table	4063232	19902795.457665	true	discard	Stable Metal Jacobian jump-table walk with projective distinguished-point candidate flags
2026-06-21T21:39:33Z	d04021e	metal_jacobian_jump_walk_dp_stable	metal	jacobian_affine_walk_jump_table	4849664	24111058.037145	true	discard	Stable Metal Jacobian jump-table walk with projective distinguished-point candidate flags
2026-06-21T21:53:50Z	03ed392	metal_jacobian_jump_walk_dp_stable	metal	jacobian_affine_walk_jump_table	3801088	18798631.461639	true	discard	Stable Metal Jacobian jump-table walk with projective distinguished-point candidate flags
2026-06-21T21:54:40Z	03ed392	metal_jacobian_jump_walk_dp_stable	metal	jacobian_affine_walk_jump_table	6553600	32104788.745018	true	discard	Stable Metal Jacobian jump-table walk with projective distinguished-point candidate flags
2026-06-21T21:55:25Z	03ed392	metal_jacobian_jump_walk_dp_stable	metal	jacobian_affine_walk_jump_table	6422528	31874933.005858	true	discard	Stable Metal Jacobian jump-table walk with projective distinguished-point candidate flags
2026-06-21T22:03:19Z	8b3d413	metal_jacobian_jump_walk_dp_stable	metal	jacobian_affine_walk_jump_table	7208960	35303989.210328	true	discard	Stable Metal Jacobian jump-table walk with projective distinguished-point candidate flags
2026-06-21T22:05:04Z	8b3d413	metal_jacobian_jump_walk_dp_stable	metal	jacobian_affine_walk_jump_table	7602176	37919746.146894	true	discard	Stable Metal Jacobian jump-table walk with projective distinguished-point candidate flags
2026-06-21T22:06:09Z	8b3d413	metal_jacobian_jump_walk_dp_stable	metal	jacobian_affine_walk_jump_table	7602176	37748168.413333	true	discard	Stable Metal Jacobian jump-table walk with projective distinguished-point candidate flags
2026-06-21T22:21:38Z	959e118	metal_jacobian_jump_walk_dp_stable	metal	jacobian_affine_walk_jump_table	3801088	18804261.387271	true	discard	Stable Metal Jacobian jump-table walk with projective distinguished-point candidate flags
2026-06-21T22:22:57Z	959e118	metal_jacobian_jump_walk_dp_stable	metal	jacobian_affine_walk_jump_table	4325376	21584071.232321	true	discard	Stable Metal Jacobian jump-table walk with projective distinguished-point candidate flags
2026-06-21T22:23:49Z	959e118	metal_jacobian_jump_walk_dp_stable	metal	jacobian_affine_walk_jump_table	7340032	36049762.974087	true	discard	Stable Metal Jacobian jump-table walk with projective distinguished-point candidate flags
2026-06-21T22:35:25Z	c6b63f4	metal_jacobian_jump_walk_dp_stable	metal	jacobian_affine_walk_jump_table	4980736	24434447.348253	true	discard	Stable Metal Jacobian jump-table walk with projective distinguished-point candidate flags
2026-06-21T22:37:42Z	c6b63f4	metal_jacobian_jump_walk_dp_stable	metal	jacobian_affine_walk_jump_table	7471104	37153798.836518	true	discard	Stable Metal Jacobian jump-table walk with projective distinguished-point candidate flags
2026-06-21T22:40:21Z	c6b63f4	metal_jacobian_jump_walk_dp_stable	metal	jacobian_affine_walk_jump_table	4456448	22083985.875282	true	discard	Stable Metal Jacobian jump-table walk with projective distinguished-point candidate flags
2026-06-21T22:51:21Z	3311412	metal_jacobian_jump_walk_dp_stable	metal	jacobian_affine_walk_jump_table	7471104	37214816.732306	true	keep	Stable Metal Jacobian jump-table walk with projective distinguished-point candidate flags
2026-06-21T22:52:26Z	3311412	metal_jacobian_jump_walk_dp_stable	metal	jacobian_affine_walk_jump_table	8257536	41211412.511550	true	keep	Stable Metal Jacobian jump-table walk with projective distinguished-point candidate flags
2026-06-21T22:53:30Z	3311412	metal_jacobian_jump_walk_dp_stable	metal	jacobian_affine_walk_jump_table	7077888	34887747.045498	true	keep	Stable Metal Jacobian jump-table walk with projective distinguished-point candidate flags
2026-06-22T02:48:24Z	1a03888	metal_jacobian_dynamic_compact_dp	metal	jacobian_affine_walk_dynamic_dp_compact	11010048	54351372.121311	true	keep	Metal dynamic Jacobian jump walk with compact distinguished-point candidate emission
2026-06-22T03:03:24Z	f3599da	metal_jacobian_dynamic_dp_stream	metal	jacobian_affine_walk_dynamic_dp_stream	8388608	41222124.404033	true	keep	Metal dynamic Jacobian jump walk with sparse distinguished-point stream emission
2026-06-22T03:16:55Z	0bf960d	metal_jacobian_dynamic_dp_stream_dp8	metal	jacobian_affine_walk_dynamic_dp_stream	7471104	37013170.931979	true	keep	Metal dynamic Jacobian DP stream with runtime dp_bits=8 mask
2026-06-22T03:33:05Z	4b4014c	metal_jacobian_dynamic_dp_count_dp8	metal	jacobian_affine_walk_dynamic_dp_count	10878976	53546106.476522	true	keep	Metal dynamic Jacobian DP count-only probe with runtime dp_bits=8 mask
2026-06-22T03:33:39Z	4b4014c-dirty	metal_jacobian_dynamic_dp_stream_dp8	metal	jacobian_affine_walk_dynamic_dp_stream	7864320	39287501.787886	true	keep	Metal dynamic Jacobian DP stream with runtime dp_bits=8 mask
2026-06-22T03:57:06Z	62c5298	metal_jacobian_dynamic_dp_stream_dp8	metal	jacobian_affine_walk_dynamic_dp_stream	11534336	56977760.954224	true	keep	Metal dynamic Jacobian DP stream with runtime dp_bits=8 mask
2026-06-22T04:12:59Z	f878edc	metal_jacobian_dynamic_dp_stream_dp8	metal	jacobian_affine_walk_dynamic_dp_stream	11796480	58596783.649305	true	keep	Metal dynamic Jacobian DP stream with runtime dp_bits=8 mask
2026-06-22T04:19:40Z	e412530-dirty	metal_jacobian_dynamic_dp_stream_dp8	metal	jacobian_affine_walk_dynamic_dp_stream	9699328	48463423.411911	true	discard	Metal dynamic Jacobian DP stream with runtime dp_bits=8 mask
2026-06-22T04:27:33Z	27fde42-dirty	metal_jacobian_dynamic_dp_stream_dp8	metal	jacobian_affine_walk_dynamic_dp_stream	6553600	32422230.207947	true	discard	Metal dynamic Jacobian DP stream with runtime dp_bits=8 mask
2026-06-22T04:33:53Z	925c05e-dirty	metal_jacobian_dynamic_dp_stream_dp8	metal	jacobian_affine_walk_dynamic_dp_stream	6029312	29799267.712366	true	discard	Metal dynamic Jacobian DP stream with runtime dp_bits=8 mask
2026-06-22T05:00:31Z	53879b9-dirty	metal_jacobian_dynamic_dp_stream_dp8	metal	jacobian_affine_walk_dynamic_dp_stream	262144	910556.434373	true	discard	Metal dynamic Jacobian DP stream with runtime dp_bits=8 mask
2026-06-22T05:31:58Z	b3a9ee6-dirty	metal_jacobian_dynamic_dp_stream_dp8	metal	jacobian_affine_walk_dynamic_dp_stream	6946816	34715854.003069	true	discard	Metal dynamic Jacobian DP stream with runtime dp_bits=8 mask
2026-06-22T05:38:01Z	b1b0232-dirty	metal_jacobian_dynamic_dp_stream_dp8	metal	jacobian_affine_walk_dynamic_dp_stream	12582912	62611858.275279	true	keep	Metal dynamic Jacobian DP stream with runtime dp_bits=8 mask
2026-06-22T05:41:38Z	3194ed6-dirty	metal_jacobian_dynamic_dp_stream	metal	jacobian_affine_walk_dynamic_dp_stream	13107200	65061282.305496	true	keep	Metal dynamic Jacobian jump walk with sparse distinguished-point stream emission
2026-06-22T09:28:08Z	1893ed1-dirty	metal_jacobian_dynamic_compact_dp	metal	jacobian_affine_walk_dynamic_dp_compact	5898240	28896380.858909	true	discard	Metal dynamic Jacobian jump walk with compact distinguished-point candidate emission
2026-06-22T09:32:14Z	fc19690-dirty	metal_jacobian_dynamic_walk_dp_stable	metal	jacobian_affine_walk_dynamic_jump_table	7733248	37929646.083412	true	discard	Stable Metal dynamic Jacobian jump walk with in-kernel jump selection and projective distinguished-point candidate flags
2026-06-22T09:36:27Z	20425f1-dirty	metal_jacobian_dynamic_dp_count_dp8	metal	jacobian_affine_walk_dynamic_dp_count	6291456	31386712.313105	true	discard	Metal dynamic Jacobian DP count-only probe with runtime dp_bits=8 mask
2026-06-22T09:49:10Z	9aae4d3	metal_jacobian_dynamic_dp_stream_dp10	metal	jacobian_affine_walk_dynamic_dp_stream	6160384	30209443.482633	true	discard	Metal dynamic Jacobian DP stream with runtime dp_bits=10 mask
2026-06-22T09:53:05Z	0c18528-dirty	metal_jacobian_dynamic_dp_stream_dp10	metal	jacobian_affine_walk_dynamic_dp_stream	10878976	54324631.189670	true	discard	Metal dynamic Jacobian DP stream with runtime dp_bits=10 mask
2026-06-22T09:57:23Z	9624a50-dirty	metal_jacobian_dynamic_dp_stream_dp10	metal	jacobian_affine_walk_dynamic_dp_stream	11141120	55120744.100756	true	discard	Metal dynamic Jacobian DP stream with runtime dp_bits=10 mask
2026-06-22T10:01:43Z	98bc52a-dirty	metal_jacobian_dynamic_dp_stream_dp6	metal	jacobian_affine_walk_dynamic_dp_stream	7995392	39834931.340750	true	discard	Metal dynamic Jacobian DP stream with runtime dp_bits=6 mask
2026-06-22T10:11:10Z	b6240da-dirty	metal_jacobian_dynamic_dp_stream_dp8	metal	jacobian_affine_walk_dynamic_dp_stream	6553600	32233487.865141	true	discard	Metal dynamic Jacobian DP stream with runtime dp_bits=8 mask
2026-06-22T10:17:52Z	cdd860d-dirty	metal_jacobian_dynamic_dp_stream_dp8	metal	jacobian_affine_walk_dynamic_dp_stream	11141120	55340023.527875	true	keep	Metal dynamic Jacobian DP stream with runtime dp_bits=8 mask
2026-06-22T10:22:31Z	e563523-dirty	metal_jacobian_dynamic_dp_stream	metal	jacobian_affine_walk_dynamic_dp_stream	6291456	31405650.680564	true	discard	Metal dynamic Jacobian jump walk with sparse distinguished-point stream emission
2026-06-22T10:26:34Z	7720fc1-dirty	metal_jacobian_dynamic_dp_stream_dp10	metal	jacobian_affine_walk_dynamic_dp_stream	8519680	42278414.551117	true	keep	Metal dynamic Jacobian DP stream with runtime dp_bits=10 mask
2026-06-22T10:27:27Z	7720fc1-dirty	metal_jacobian_dynamic_dp_stream_dp6	metal	jacobian_affine_walk_dynamic_dp_stream	10092544	50415308.939320	true	discard	Metal dynamic Jacobian DP stream with runtime dp_bits=6 mask
2026-06-22T10:32:26Z	ca6509f-dirty	metal_jacobian_dynamic_dp_stream_dp10	metal	jacobian_affine_walk_dynamic_dp_stream	10223616	50590171.559774	true	discard	Metal dynamic Jacobian DP stream with runtime dp_bits=10 mask
2026-06-22T10:33:06Z	ca6509f-dirty	metal_jacobian_dynamic_dp_stream_dp10	metal	jacobian_affine_walk_dynamic_dp_stream	7340032	36257628.573029	true	discard	Metal dynamic Jacobian DP stream with runtime dp_bits=10 mask
2026-06-22T10:41:26Z	2699577-dirty	metal_jacobian_dynamic_dp_stream_dp8	metal	jacobian_affine_walk_dynamic_dp_stream	7208960	35931562.757915	true	keep	Metal dynamic Jacobian DP stream with runtime dp_bits=8 mask
2026-06-22T10:42:16Z	2699577-dirty	metal_jacobian_dynamic_dp_stream_dp8	metal	jacobian_affine_walk_dynamic_dp_stream	9175040	45448401.334809	true	keep	Metal dynamic Jacobian DP stream with runtime dp_bits=8 mask
2026-06-22T10:42:52Z	2699577-dirty	metal_jacobian_dynamic_dp_stream_dp8	metal	jacobian_affine_walk_dynamic_dp_stream	8519680	42203534.028814	true	keep	Metal dynamic Jacobian DP stream with runtime dp_bits=8 mask
2026-06-22T10:46:53Z	f868bcf-dirty	metal_jacobian_dynamic_dp_stream	metal	jacobian_affine_walk_dynamic_dp_stream	10092544	49544294.377036	true	discard	Metal dynamic Jacobian jump walk with sparse distinguished-point stream emission
2026-06-22T10:53:34Z	7246372-dirty	metal_jacobian_dynamic_dp_stream_dp8	metal	jacobian_affine_walk_dynamic_dp_stream	8126464	40455982.284936	true	discard	Metal dynamic Jacobian DP stream with runtime dp_bits=8 mask
2026-06-22T10:59:39Z	1fd0ecb-dirty	metal_jacobian_dynamic_dp_stream_dp8	metal	jacobian_affine_walk_dynamic_dp_stream	4063232	20232288.968150	true	discard	Metal dynamic Jacobian DP stream with runtime dp_bits=8 mask
2026-06-22T11:05:59Z	aaaa374-dirty	metal_jacobian_dynamic_dp_count_dp8	metal	jacobian_affine_walk_dynamic_dp_count	8781824	43773240.202096	true	discard	Metal dynamic Jacobian DP count-only probe with runtime dp_bits=8 mask
2026-06-22T11:07:15Z	aaaa374-dirty	metal_jacobian_dynamic_dp_count_dp8	metal	jacobian_affine_walk_dynamic_dp_count	10092544	50394707.554658	true	discard	Metal dynamic Jacobian DP count-only probe with runtime dp_bits=8 mask
2026-06-22T11:13:07Z	7e71d4c-dirty	metal_jacobian_dynamic_dp_count_dp8	metal	jacobian_affine_walk_dynamic_dp_count	7471104	36757514.206820	true	discard	Metal dynamic Jacobian DP count-only probe with runtime dp_bits=8 mask
2026-06-22T11:20:20Z	be247bc-dirty	metal_jacobian_dynamic_dp_count_dp8	metal	jacobian_affine_walk_dynamic_dp_count	8519680	42541651.351471	true	keep	Metal dynamic Jacobian DP count-only probe with runtime dp_bits=8 mask
2026-06-22T11:21:12Z	be247bc-dirty	metal_jacobian_dynamic_dp_count_dp8	metal	jacobian_affine_walk_dynamic_dp_count	7602176	36984641.449378	true	discard	Metal dynamic Jacobian DP count-only probe with runtime dp_bits=8 mask
2026-06-22T11:22:05Z	be247bc-dirty	metal_jacobian_dynamic_dp_count_dp8	metal	jacobian_affine_walk_dynamic_dp_count	11403264	56888060.463320	true	discard	Metal dynamic Jacobian DP count-only probe with runtime dp_bits=8 mask
2026-06-22T11:29:05Z	ce12827-dirty	metal_jacobian_dynamic_dp_stream_dp12	metal	jacobian_affine_walk_dynamic_dp_stream	7995392	39603303.230057	true	keep	Metal dynamic Jacobian DP stream with runtime dp_bits=12 mask
2026-06-22T11:34:06Z	75d71a6-dirty	metal_jacobian_dynamic_dp_stream_dp12	metal	jacobian_affine_walk_dynamic_dp_stream	7077888	35307732.434448	true	discard	Metal dynamic Jacobian DP stream with runtime dp_bits=12 mask
2026-06-22T11:43:45Z	e4a8aa4-dirty	metal_jacobian_dynamic_dp_stream_dp12	metal	jacobian_affine_walk_dynamic_dp_stream	4587520	22566572.599272	true	keep	Metal dynamic Jacobian DP stream with runtime dp_bits=12 mask
2026-06-22T11:45:13Z	e4a8aa4-dirty	metal_jacobian_dynamic_dp_stream_dp12	metal	jacobian_affine_walk_dynamic_dp_stream	4587520	22712598.663408	true	keep	Metal dynamic Jacobian DP stream with runtime dp_bits=12 mask
2026-06-22T11:47:31Z	e4a8aa4-dirty	metal_jacobian_dynamic_dp_stream_dp12	metal	jacobian_affine_walk_dynamic_dp_stream	4456448	21793968.794878	true	keep	Metal dynamic Jacobian DP stream with runtime dp_bits=12 mask
2026-06-22T11:55:34Z	579c846-dirty	metal_jacobian_dynamic_dp_stream_dp10	metal	jacobian_affine_walk_dynamic_dp_stream	5636096	27932757.086802	true	keep	Metal dynamic Jacobian DP stream with runtime dp_bits=10 mask
2026-06-22T11:56:45Z	579c846-dirty	metal_jacobian_dynamic_dp_stream_dp10	metal	jacobian_affine_walk_dynamic_dp_stream	7471104	36924669.479014	true	discard	Metal dynamic Jacobian DP stream with runtime dp_bits=10 mask
2026-06-22T11:57:26Z	579c846-dirty	metal_jacobian_dynamic_dp_stream_dp10	metal	jacobian_affine_walk_dynamic_dp_stream	3932160	19095076.656232	true	discard	Metal dynamic Jacobian DP stream with runtime dp_bits=10 mask
2026-06-22T12:01:53Z	589d9e1-dirty	metal_jacobian_dynamic_dp_stream_dp6	metal	jacobian_affine_walk_dynamic_dp_stream	4718592	23221999.015625	true	keep	Metal dynamic Jacobian DP stream with runtime dp_bits=6 mask
2026-06-22T12:03:22Z	589d9e1-dirty	metal_jacobian_dynamic_dp_stream_dp6	metal	jacobian_affine_walk_dynamic_dp_stream	4587520	22611569.767587	true	discard	Metal dynamic Jacobian DP stream with runtime dp_bits=6 mask
2026-06-22T12:04:53Z	589d9e1-dirty	metal_jacobian_dynamic_dp_stream_dp6	metal	jacobian_affine_walk_dynamic_dp_stream	8257536	41127821.914115	true	discard	Metal dynamic Jacobian DP stream with runtime dp_bits=6 mask
2026-06-22T12:17:08Z	82dff04	metal_jacobian_jump_walk_dp_stable	metal	jacobian_affine_walk_jump_table	5636096	27922343.656972	true	discard	Stable Metal Jacobian jump-table walk with projective distinguished-point candidate flags
2026-06-22T12:24:43Z	6b4fd99-dirty	metal_jacobian_dynamic_dp_stream_dp16_large	metal	jacobian_affine_walk_dynamic_dp_stream	11010048	52989830.333319	true	keep	Metal dynamic Jacobian DP stream with runtime dp_bits=16 mask and larger sample count
2026-06-22T12:30:24Z	1f32b3b-dirty	metal_jacobian_dynamic_dp_stream_dp16_large	metal	jacobian_affine_walk_dynamic_dp_stream	12058624	58886361.624760	true	discard	Metal dynamic Jacobian DP stream with runtime dp_bits=16 mask and larger sample count
2026-06-22T12:45:12Z	ac030a2-dirty	metal_jacobian_jump_walk_dp_stable	metal	jacobian_affine_walk_jump_table	6291456	31361809.164586	true	keep	Stable Metal Jacobian jump-table walk with projective distinguished-point candidate flags
2026-06-22T12:47:22Z	ac030a2-dirty	metal_jacobian_jump_walk_dp_stable	metal	jacobian_affine_walk_jump_table	3932160	19168913.507147	true	discard	Stable Metal Jacobian jump-table walk with projective distinguished-point candidate flags
2026-06-22T13:01:29Z	30ff5d9-dirty	metal_jacobian_jump_walk_dp_stable	metal	jacobian_affine_walk_jump_table	4194304	20648220.182765	true	discard	Stable Metal Jacobian jump-table walk with projective distinguished-point candidate flags
2026-06-22T13:01:55Z	30ff5d9-dirty	metal_jacobian_jump_walk_dp_stable	metal	jacobian_affine_walk_jump_table	4456448	21962885.587314	true	discard	Stable Metal Jacobian jump-table walk with projective distinguished-point candidate flags
2026-06-22T13:11:03Z	5b608f8-dirty	metal_jacobian_dynamic_dp_stream_dp14	metal	jacobian_affine_walk_dynamic_dp_stream	6946816	34457601.167211	true	keep	Metal dynamic Jacobian DP stream with runtime dp_bits=14 mask
2026-06-22T13:18:46Z	63bcf53-dirty	metal_jacobian_dynamic_dp_stream_dp14	metal	jacobian_affine_walk_dynamic_dp_stream	11010048	54206138.221190	true	discard	Metal dynamic Jacobian DP stream with runtime dp_bits=14 mask
2026-06-22T13:19:04Z	63bcf53-dirty	metal_jacobian_dynamic_dp_stream_dp14	metal	jacobian_affine_walk_dynamic_dp_stream	8912896	44341838.079041	true	discard	Metal dynamic Jacobian DP stream with runtime dp_bits=14 mask
2026-06-22T13:24:17Z	1c90057-dirty	metal_jacobian_jump_walk_dp_stable	metal	jacobian_affine_walk_jump_table	10092544	49947459.510319	true	keep	Stable Metal Jacobian jump-table walk with projective distinguished-point candidate flags
2026-06-22T13:24:35Z	1c90057-dirty	metal_jacobian_jump_walk_dp_stable	metal	jacobian_affine_walk_jump_table	8388608	41866424.025369	true	keep	Stable Metal Jacobian jump-table walk with projective distinguished-point candidate flags
2026-06-22T13:25:46Z	1c90057-dirty	metal_jacobian_jump_walk_dp_stable	metal	jacobian_affine_walk_jump_table	4587520	22877460.988813	true	discard	Stable Metal Jacobian jump-table walk with projective distinguished-point candidate flags
2026-06-22T13:26:06Z	1c90057-dirty	metal_jacobian_jump_walk_dp_stable	metal	jacobian_affine_walk_jump_table	8388608	41594633.574442	true	discard	Stable Metal Jacobian jump-table walk with projective distinguished-point candidate flags
2026-06-22T13:26:26Z	1c90057-dirty	metal_jacobian_jump_walk_dp_stable	metal	jacobian_affine_walk_jump_table	8126464	40241782.753983	true	discard	Stable Metal Jacobian jump-table walk with projective distinguished-point candidate flags
2026-06-22T14:31:18Z	b410166-dirty	jacobian_kangaroo_multi_small	macos_cpu	jacobian_kangaroo_multi_small	1660	33192.835658	true	discard	Apple Silicon CPU shared-tame tiny multi-target kangaroo benchmark
2026-06-22T14:31:18Z	b410166-dirty	jacobian_kangaroo_multi_small	macos_cpu	jacobian_kangaroo_multi_small	1698	33942.067048	true	discard	Apple Silicon CPU shared-tame tiny multi-target kangaroo benchmark
2026-06-22T14:31:18Z	b410166-dirty	jacobian_kangaroo_multi_small	macos_cpu	jacobian_kangaroo_multi_small	1591	31808.178173	true	discard	Apple Silicon CPU shared-tame tiny multi-target kangaroo benchmark
2026-06-22T14:31:42Z	b410166-dirty	jacobian_kangaroo_multi16_small	macos_cpu	jacobian_kangaroo_multi_small	782	15637.224393	true	discard	Apple Silicon CPU shared-tame tiny 16-target kangaroo benchmark
2026-06-22T14:31:42Z	b410166-dirty	jacobian_kangaroo_multi16_small	macos_cpu	jacobian_kangaroo_multi_small	767	15335.284400	true	discard	Apple Silicon CPU shared-tame tiny 16-target kangaroo benchmark
2026-06-22T14:31:42Z	b410166-dirty	jacobian_kangaroo_multi16_small	macos_cpu	jacobian_kangaroo_multi_small	763	15252.475344	true	discard	Apple Silicon CPU shared-tame tiny 16-target kangaroo benchmark
2026-06-22T14:39:31Z	41a2702-dirty	jacobian_kangaroo_multi_small	macos_cpu	jacobian_kangaroo_multi_small	1729	34565.338075	true	discard	Apple Silicon CPU shared-tame tiny multi-target kangaroo benchmark
2026-06-22T14:39:31Z	41a2702-dirty	jacobian_kangaroo_multi_small	macos_cpu	jacobian_kangaroo_multi_small	1549	30966.194651	true	discard	Apple Silicon CPU shared-tame tiny multi-target kangaroo benchmark
2026-06-22T14:39:31Z	41a2702-dirty	jacobian_kangaroo_multi_small	macos_cpu	jacobian_kangaroo_multi_small	1674	33463.770072	true	discard	Apple Silicon CPU shared-tame tiny multi-target kangaroo benchmark
2026-06-22T14:39:59Z	41a2702-dirty	jacobian_kangaroo_multi16_small	macos_cpu	jacobian_kangaroo_multi_small	784	15668.979380	true	discard	Apple Silicon CPU shared-tame tiny 16-target kangaroo benchmark
2026-06-22T14:39:59Z	41a2702-dirty	jacobian_kangaroo_multi16_small	macos_cpu	jacobian_kangaroo_multi_small	785	15687.920301	true	discard	Apple Silicon CPU shared-tame tiny 16-target kangaroo benchmark
2026-06-22T14:39:59Z	41a2702-dirty	jacobian_kangaroo_multi16_small	macos_cpu	jacobian_kangaroo_multi_small	784	15674.827307	true	discard	Apple Silicon CPU shared-tame tiny 16-target kangaroo benchmark
2026-06-22T14:48:58Z	8f6b8e1-dirty	metal_field_add	metal	field_add_mod_p	5242880	95639396.744757	true	discard	Metal secp256k1 field_add_mod_p correctness and throughput gate
2026-06-22T14:48:58Z	8f6b8e1-dirty	metal_field_add	metal	field_add_mod_p	6291456	103542677.030168	true	discard	Metal secp256k1 field_add_mod_p correctness and throughput gate
2026-06-22T14:48:58Z	8f6b8e1-dirty	metal_field_add	metal	field_add_mod_p	8388608	125737724.391583	true	discard	Metal secp256k1 field_add_mod_p correctness and throughput gate
2026-06-22T14:56:59Z	ce388fa-dirty	metal_field_add	metal	field_add_mod_p	11534336	225377938.159104	true	keep	Metal secp256k1 field_add_mod_p correctness and throughput gate
2026-06-22T15:02:53Z	641227b-dirty	metal_jacobian_dynamic_dp_stream_dp8	metal	jacobian_affine_walk_dynamic_dp_stream	13500416	67169019.394725	true	keep	Metal dynamic Jacobian DP stream with runtime dp_bits=8 mask
2026-06-22T15:12:32Z	a5ed767-dirty	metal_jacobian_dynamic_dp_stream_inplace	metal	jacobian_affine_walk_dynamic_dp_stream_inplace	13500416	67315699.992225	true	keep	Metal in-place dynamic Jacobian DP8 stream state-update gate
2026-06-22T15:22:07Z	d3a617f-dirty	metal_jacobian_dynamic_dp_stream_inplace	metal	jacobian_affine_walk_dynamic_dp_stream_inplace	11534336	57598134.669784	true	discard	Metal in-place dynamic Jacobian DP8 stream state-update gate
2026-06-22T15:22:07Z	d3a617f-dirty	metal_jacobian_dynamic_dp_stream_inplace	metal	jacobian_affine_walk_dynamic_dp_stream_inplace	12976128	64614777.972996	true	discard	Metal in-place dynamic Jacobian DP8 stream state-update gate
2026-06-22T15:22:07Z	d3a617f-dirty	metal_jacobian_dynamic_dp_stream_inplace	metal	jacobian_affine_walk_dynamic_dp_stream_inplace	11010048	54676152.869964	true	discard	Metal in-place dynamic Jacobian DP8 stream state-update gate
2026-06-22T15:32:08Z	7c4045f-dirty	metal_jacobian_dynamic_dp_stream_inplace_steps16	metal	jacobian_affine_walk_dynamic_dp_stream_inplace	14942208	73968565.361627	true	keep	Metal in-place dynamic Jacobian DP8 stream with 16-step state packets
2026-06-22T15:32:13Z	7c4045f-dirty	metal_jacobian_dynamic_dp_stream_inplace_steps16	metal	jacobian_affine_walk_dynamic_dp_stream_inplace	12320768	60768590.010919	true	keep	Metal in-place dynamic Jacobian DP8 stream with 16-step state packets
2026-06-22T15:32:18Z	7c4045f-dirty	metal_jacobian_dynamic_dp_stream_inplace_steps16	metal	jacobian_affine_walk_dynamic_dp_stream_inplace	15466496	76531591.057923	true	keep	Metal in-place dynamic Jacobian DP8 stream with 16-step state packets
2026-06-22T15:39:47Z	7665e0e-dirty	metal_jacobian_dynamic_dp_stream_inplace_steps32	metal	jacobian_affine_walk_dynamic_dp_stream_inplace	16252928	80442981.709512	true	keep	Metal in-place dynamic Jacobian DP8 stream with 32-step state packets
2026-06-22T15:39:52Z	7665e0e-dirty	metal_jacobian_dynamic_dp_stream_inplace_steps32	metal	jacobian_affine_walk_dynamic_dp_stream_inplace	16777216	81644727.704469	true	keep	Metal in-place dynamic Jacobian DP8 stream with 32-step state packets
2026-06-22T15:39:58Z	7665e0e-dirty	metal_jacobian_dynamic_dp_stream_inplace_steps32	metal	jacobian_affine_walk_dynamic_dp_stream_inplace	15728640	78549463.782889	true	keep	Metal in-place dynamic Jacobian DP8 stream with 32-step state packets
2026-06-22T15:46:35Z	c542029-dirty	metal_jacobian_dynamic_dp_stream_inplace_steps64	metal	jacobian_affine_walk_dynamic_dp_stream_inplace	15728640	77390855.374023	true	keep	Metal in-place dynamic Jacobian DP8 stream with 64-step state packets
2026-06-22T15:46:41Z	c542029-dirty	metal_jacobian_dynamic_dp_stream_inplace_steps64	metal	jacobian_affine_walk_dynamic_dp_stream_inplace	18874368	91485491.497771	true	keep	Metal in-place dynamic Jacobian DP8 stream with 64-step state packets
2026-06-22T15:46:46Z	c542029-dirty	metal_jacobian_dynamic_dp_stream_inplace_steps64	metal	jacobian_affine_walk_dynamic_dp_stream_inplace	18874368	90119567.579470	true	keep	Metal in-place dynamic Jacobian DP8 stream with 64-step state packets
2026-06-22T15:53:54Z	da92cad-dirty	metal_jacobian_dynamic_dp_stream_inplace_steps128	metal	jacobian_affine_walk_dynamic_dp_stream_inplace	18874368	91542712.027089	true	keep	Metal in-place dynamic Jacobian DP8 stream with 128-step state packets
2026-06-22T15:54:01Z	da92cad-dirty	metal_jacobian_dynamic_dp_stream_inplace_steps128	metal	jacobian_affine_walk_dynamic_dp_stream_inplace	18874368	89721784.654431	true	keep	Metal in-place dynamic Jacobian DP8 stream with 128-step state packets
2026-06-22T15:54:08Z	da92cad-dirty	metal_jacobian_dynamic_dp_stream_inplace_steps128	metal	jacobian_affine_walk_dynamic_dp_stream_inplace	18874368	90611211.497293	true	keep	Metal in-place dynamic Jacobian DP8 stream with 128-step state packets
2026-06-22T16:00:24Z	d66c32c-dirty	metal_jacobian_dynamic_dp_stream_inplace_steps256	metal	jacobian_affine_walk_dynamic_dp_stream_inplace	20971520	87932729.804642	true	keep	Metal in-place dynamic Jacobian DP8 stream with 256-step state packets
2026-06-22T16:00:33Z	d66c32c-dirty	metal_jacobian_dynamic_dp_stream_inplace_steps256	metal	jacobian_affine_walk_dynamic_dp_stream_inplace	20971520	90774454.451957	true	keep	Metal in-place dynamic Jacobian DP8 stream with 256-step state packets
2026-06-22T16:00:42Z	d66c32c-dirty	metal_jacobian_dynamic_dp_stream_inplace_steps256	metal	jacobian_affine_walk_dynamic_dp_stream_inplace	20971520	89960529.450509	true	keep	Metal in-place dynamic Jacobian DP8 stream with 256-step state packets
2026-06-22T16:23:12Z	186b887-dirty	metal_jacobian_dynamic_dp_stream_inplace_steps256	metal	jacobian_affine_walk_dynamic_dp_stream_inplace	20971520	96388652.058509	true	keep	Metal in-place dynamic Jacobian DP8 stream with 256-step state packets
2026-06-22T16:23:13Z	186b887-dirty	metal_jacobian_dynamic_dp_stream_inplace_steps256	metal	jacobian_affine_walk_dynamic_dp_stream_inplace	20971520	94965319.974295	true	keep	Metal in-place dynamic Jacobian DP8 stream with 256-step state packets
2026-06-22T16:23:13Z	186b887-dirty	metal_jacobian_dynamic_dp_stream_inplace_steps256	metal	jacobian_affine_walk_dynamic_dp_stream_inplace	20971520	98057706.925364	true	keep	Metal in-place dynamic Jacobian DP8 stream with 256-step state packets
2026-06-22T17:33:47Z	b926b0b-dirty	metal_jacobian_dynamic_dp_stream_xyzz_steps256	metal	jacobian_affine_walk_dynamic_dp_stream_xyzz	25165824	108430652.959344	true	keep	Metal dynamic DP8 stream using XYZZ state packets at 256 steps
2026-06-22T17:33:47Z	b926b0b-dirty	metal_jacobian_dynamic_dp_stream_xyzz_steps256	metal	jacobian_affine_walk_dynamic_dp_stream_xyzz	25165824	109797276.536427	true	keep	Metal dynamic DP8 stream using XYZZ state packets at 256 steps
2026-06-22T17:33:47Z	b926b0b-dirty	metal_jacobian_dynamic_dp_stream_xyzz_steps256	metal	jacobian_affine_walk_dynamic_dp_stream_xyzz	25165824	109205454.549881	true	keep	Metal dynamic DP8 stream using XYZZ state packets at 256 steps
2026-06-22T17:43:02Z	a587357-dirty	metal_jacobian_dynamic_dp_stream_xyzz_steps512	metal	jacobian_affine_walk_dynamic_dp_stream_xyzz	25165824	105678664.660821	true	keep	Metal dynamic DP8 stream using XYZZ state packets at 512 steps
2026-06-22T17:43:02Z	a587357-dirty	metal_jacobian_dynamic_dp_stream_xyzz_steps512	metal	jacobian_affine_walk_dynamic_dp_stream_xyzz	25165824	105831859.880228	true	keep	Metal dynamic DP8 stream using XYZZ state packets at 512 steps
2026-06-22T17:43:02Z	a587357-dirty	metal_jacobian_dynamic_dp_stream_xyzz_steps512	metal	jacobian_affine_walk_dynamic_dp_stream_xyzz	25165824	107388329.480794	true	keep	Metal dynamic DP8 stream using XYZZ state packets at 512 steps
2026-06-22T19:05:52Z	d1b79e7-dirty	metal_jacobian_dynamic_dp_stream_xyzz_steps512_saturated	metal	jacobian_affine_walk_dynamic_dp_stream_xyzz	134217728	123002921.277187	true	keep	Metal dynamic DP8 stream using XYZZ 512-step packets with a saturated 262144-state batch
2026-06-22T19:28:36Z	0f58a62	metal_jacobian_dynamic_dp_stream_xyzz_steps512_large_batch	metal	jacobian_affine_walk_dynamic_dp_stream_xyzz	268435456	124648214.520876	true	keep	Metal dynamic DP8 stream using XYZZ 512-step packets with a large 524288-state batch
2026-06-22T20:25:47Z	9edcea1-dirty	metal_jacobian_dynamic_dp_stream_xyzz_chain_steps512	metal	jacobian_affine_walk_dynamic_dp_stream_xyzz_chain	268435456	52054794.687903	true	keep	Metal XYZZ 512-step DP stream with two device-resident chained packets and cumulative uint64 distances
2026-06-22T22:03:45Z	ebd6cb6	metal_jacobian_dynamic_dp_stream_xyzz_persistent_chain_steps512	metal	jacobian_affine_walk_dynamic_dp_stream_xyzz_persistent_chain	536870912	56698747.713128	true	discard	Metal XYZZ 512-step DP stream with persistent chained rounds, reused pipeline/buffers, and cumulative uint64 distances
2026-06-23T17:02:29Z	cf82107-dirty	jacobian_kangaroo_multi_small	macos_cpu	jacobian_kangaroo_multi_small	1787	35731.722389	true	keep	Apple Silicon CPU shared-tame tiny multi-target kangaroo benchmark
2026-06-23T17:02:29Z	cf82107-dirty	jacobian_kangaroo_multi_small	macos_cpu	jacobian_kangaroo_multi_small	1786	35707.591612	true	keep	Apple Silicon CPU shared-tame tiny multi-target kangaroo benchmark
2026-06-23T17:02:29Z	cf82107-dirty	jacobian_kangaroo_multi_small	macos_cpu	jacobian_kangaroo_multi_small	1787	35726.216111	true	keep	Apple Silicon CPU shared-tame tiny multi-target kangaroo benchmark
2026-06-23T17:04:07Z	cf82107-dirty	jacobian_kangaroo_multi16_small	macos_cpu	jacobian_kangaroo_multi_small	806	16112.776320	true	keep	Apple Silicon CPU shared-tame tiny 16-target kangaroo benchmark
2026-06-23T17:04:07Z	cf82107-dirty	jacobian_kangaroo_multi16_small	macos_cpu	jacobian_kangaroo_multi_small	805	16093.576088	true	keep	Apple Silicon CPU shared-tame tiny 16-target kangaroo benchmark
2026-06-23T17:04:07Z	cf82107-dirty	jacobian_kangaroo_multi16_small	macos_cpu	jacobian_kangaroo_multi_small	808	16147.902637	true	keep	Apple Silicon CPU shared-tame tiny 16-target kangaroo benchmark
2026-06-23T17:11:48Z	cf82107-dirty	jacobian_kangaroo_multi_small	macos_cpu	jacobian_kangaroo_multi_small	1785	35684.298908	true	keep	Apple Silicon CPU shared-tame tiny multi-target kangaroo benchmark
2026-06-23T17:11:48Z	cf82107-dirty	jacobian_kangaroo_multi_small	macos_cpu	jacobian_kangaroo_multi_small	1789	35763.786845	true	keep	Apple Silicon CPU shared-tame tiny multi-target kangaroo benchmark
2026-06-23T17:11:48Z	cf82107-dirty	jacobian_kangaroo_multi_small	macos_cpu	jacobian_kangaroo_multi_small	1788	35740.492125	true	keep	Apple Silicon CPU shared-tame tiny multi-target kangaroo benchmark
2026-06-23T17:12:23Z	cf82107-dirty	jacobian_kangaroo_multi16_small	macos_cpu	jacobian_kangaroo_multi_small	807	16130.133842	true	keep	Apple Silicon CPU shared-tame tiny 16-target kangaroo benchmark
2026-06-23T17:12:23Z	cf82107-dirty	jacobian_kangaroo_multi16_small	macos_cpu	jacobian_kangaroo_multi_small	807	16128.414315	true	keep	Apple Silicon CPU shared-tame tiny 16-target kangaroo benchmark
2026-06-23T17:12:23Z	cf82107-dirty	jacobian_kangaroo_multi16_small	macos_cpu	jacobian_kangaroo_multi_small	807	16135.468515	true	keep	Apple Silicon CPU shared-tame tiny 16-target kangaroo benchmark
2026-06-23T17:19:20Z	ac0a8a0-dirty	jacobian_kangaroo_multi_small	macos_cpu	jacobian_kangaroo_multi_small	1739	34765.543097	true	discard	Apple Silicon CPU shared-tame tiny multi-target kangaroo benchmark
2026-06-23T17:19:20Z	ac0a8a0-dirty	jacobian_kangaroo_multi_small	macos_cpu	jacobian_kangaroo_multi_small	1791	35805.558186	true	discard	Apple Silicon CPU shared-tame tiny multi-target kangaroo benchmark
2026-06-23T17:19:20Z	ac0a8a0-dirty	jacobian_kangaroo_multi_small	macos_cpu	jacobian_kangaroo_multi_small	1786	35711.548505	true	discard	Apple Silicon CPU shared-tame tiny multi-target kangaroo benchmark
2026-06-23T17:24:49Z	ac0a8a0-dirty	metal_jacobian_dynamic_dp_stream_xyzz_chain_steps512	metal	jacobian_affine_walk_dynamic_dp_stream_xyzz_chain	268435456	119203306.658362	true	discard	Metal XYZZ 512-step DP stream with two device-resident chained packets and cumulative uint64 distances
2026-06-23T17:26:22Z	ac0a8a0-dirty	jacobian_kangaroo_multi_small	macos_cpu	jacobian_kangaroo_multi_small	1788	35741.474479	true	discard	Apple Silicon CPU shared-tame tiny multi-target kangaroo benchmark
2026-06-23T17:26:22Z	ac0a8a0-dirty	jacobian_kangaroo_multi_small	macos_cpu	jacobian_kangaroo_multi_small	1789	35763.697476	true	discard	Apple Silicon CPU shared-tame tiny multi-target kangaroo benchmark
2026-06-23T17:26:22Z	ac0a8a0-dirty	jacobian_kangaroo_multi_small	macos_cpu	jacobian_kangaroo_multi_small	1784	35677.651697	true	discard	Apple Silicon CPU shared-tame tiny multi-target kangaroo benchmark
